{
  "Baseline CNN": {
    "accuracy": 0.9338842975206612,
    "precision": 0.9493670886075949,
    "recall": 0.9493670886075949,
    "f1_score": 0.9493670886075949,
    "roc_auc": 0.9843279083785414
  },
  "EfficientNetB0": {
    "accuracy": 0.6528925619834711,
    "precision": 0.6528925619834711,
    "recall": 1.0,
    "f1_score": 0.79,
    "roc_auc": 0.49125979505726347
  },
  "DenseNet121": {
    "accuracy": 0.7768595041322314,
    "precision": 0.7452830188679245,
    "recall": 1.0,
    "f1_score": 0.8540540540540541,
    "roc_auc": 0.9804098854731766
  }
}