{"accuracy": [0.8765742778778076, 0.9647355079650879, 0.982367753982544, 0.984886646270752, 0.994962215423584, 1.0, 0.997481107711792, 0.997481107711792, 0.997481107711792, 0.997481107711792, 0.997481107711792, 1.0, 0.997481107711792, 1.0, 1.0, 1.0, 1.0, 1.0, 1.0, 1.0], "loss": [0.29391247034072876, 0.0883168876171112, 0.057409025728702545, 0.037799086421728134, 0.025124287232756615, 0.01823459193110466, 0.016966480761766434, 0.016921915113925934, 0.0122402124106884, 0.01526368036866188, 0.018337083980441093, 0.009862986393272877, 0.010720647871494293, 0.005251722410321236, 0.0066495356149971485, 0.003183182328939438, 0.004306412301957607, 0.005533265881240368, 0.004053374286741018, 0.0032158733811229467], "val_accuracy": [0.0, 0.0, 0.0, 0.0, 0.0, 0.009999999776482582, 0.029999999329447746, 0.09000000357627869, 0.10000000149011612, 0.07999999821186066, 0.10999999940395355, 0.14000000059604645, 0.14000000059604645, 0.1599999964237213, 0.15000000596046448, 0.1599999964237213, 0.17000000178813934, 0.1899999976158142, 0.25, 0.3100000023841858], "val_loss": [2.9959771633148193, 3.1138739585876465, 3.0382637977600098, 2.6847052574157715, 2.715592622756958, 2.4721364974975586, 2.1180200576782227, 1.8681113719940186, 1.931103229522705, 1.983045220375061, 1.8373669385910034, 1.7807323932647705, 1.813624382019043, 1.7899444103240967, 1.8442280292510986, 1.810070514678955, 1.738760232925415, 1.7024855613708496, 1.6392616033554077, 1.5174996852874756], "learning_rate": [0.0010000000474974513, 0.0010000000474974513, 0.0010000000474974513, 0.0010000000474974513, 0.0010000000474974513, 0.0010000000474974513, 0.0010000000474974513, 0.0010000000474974513, 0.0010000000474974513, 0.0010000000474974513, 9.999999747378752e-05, 9.999999747378752e-05, 9.999999747378752e-05, 9.999999747378752e-05, 9.999999747378752e-05, 4.999999873689376e-05, 4.999999873689376e-05, 4.999999873689376e-05, 4.999999873689376e-05, 4.999999873689376e-05]}