{
  "accuracy": 0.7768595041322314,
  "precision": 0.7452830188679245,
  "recall": 1.0,
  "f1_score": 0.8540540540540541,
  "roc_auc": 0.9804098854731766
}