{
  "accuracy": 0.6528925619834711,
  "precision": 0.6528925619834711,
  "recall": 1.0,
  "f1_score": 0.79,
  "roc_auc": 0.49125979505726347
}