{"accuracy": [0.8161209225654602, 0.8539043068885803, 0.8967254161834717, 0.8790931701660156, 0.8715365529060364, 0.8765742778778076, 0.8992443084716797, 0.8816120624542236, 0.8916876316070557, 0.8891687393188477, 0.8161209225654602, 0.8790931701660156, 0.8715365529060364, 0.8866498470306396, 0.8942065238952637], "loss": [0.4118661880493164, 0.45701536536216736, 0.42475444078445435, 0.4569581151008606, 0.5435685515403748, 0.4347352683544159, 0.39874017238616943, 0.46589750051498413, 0.4063650369644165, 0.4644770324230194, 0.5083314776420593, 0.42428043484687805, 0.39835843443870544, 0.455323725938797, 0.4109649658203125], "val_accuracy": [0.0, 0.0, 0.0, 0.0, 0.0, 0.0, 0.0, 0.0, 0.0, 0.0, 0.0, 0.0, 0.0, 0.0, 0.0], "val_loss": [1.0660994052886963, 1.3856929540634155, 1.8263769149780273, 1.0885264873504639, 1.048155426979065, 1.2928528785705566, 1.2480586767196655, 1.0157136917114258, 1.3845112323760986, 1.2749007940292358, 1.1841601133346558, 1.210797905921936, 1.3273899555206299, 1.365200400352478, 1.4763038158416748], "learning_rate": [0.0010000000474974513, 0.0010000000474974513, 0.0010000000474974513, 0.0010000000474974513, 0.0005000000237487257, 0.0005000000237487257, 0.0005000000237487257, 0.0005000000237487257, 0.0005000000237487257, 0.0005000000237487257, 9.999999747378752e-05, 9.999999747378752e-05, 9.999999747378752e-05, 4.999999873689376e-05, 4.999999873689376e-05]}