{
  "accuracy": 0.9318181818181818,
  "precision": 0.9591836734693877,
  "recall": 0.9494949494949495,
  "f1_score": 0.9543147208121827,
  "roc_auc": 0.975206611570248
}