{"accuracy": [0.7601625919342041, 0.9552845358848572, 0.9857723712921143, 0.9817073345184326, 0.9837398529052734, 0.9878048896789551, 0.9898374080657959, 0.9939024448394775, 0.9959349632263184, 0.9939024448394775, 0.9634146094322205, 0.9817073345184326, 0.9898374080657959, 0.9939024448394775, 0.9979674816131592, 0.9939024448394775], "loss": [0.5202922224998474, 0.10567029565572739, 0.06155422702431679, 0.053889304399490356, 0.03578218072652817, 0.034377358853816986, 0.026074061170220375, 0.024206994101405144, 0.019181201234459877, 0.014314601197838783, 0.0878751203417778, 0.04433472454547882, 0.029983367770910263, 0.011815632693469524, 0.00593517255038023, 0.010490404441952705], "val_accuracy": [0.0, 0.03252032399177551, 0.0731707289814949, 0.20325203239917755, 0.5121951103210449, 0.5121951103210449, 0.5447154641151428, 0.707317054271698, 0.6504064798355103, 0.6910569071769714, 0.8780487775802612, 0.7967479825019836, 0.8536585569381714, 0.869918704032898, 0.8455284833908081, 0.8211382031440735], "val_loss": [2.016463041305542, 1.850660800933838, 1.7939540147781372, 1.5660042762756348, 1.1688733100891113, 1.2669912576675415, 1.1632269620895386, 0.8239366412162781, 1.05006742477417, 0.8445033431053162, 0.5174692273139954, 0.742707371711731, 0.7171131372451782, 0.7722814083099365, 0.821395218372345, 0.8631575703620911], "learning_rate": [0.0010000000474974513, 0.0010000000474974513, 0.0010000000474974513, 0.0010000000474974513, 0.0010000000474974513, 0.0010000000474974513, 0.0010000000474974513, 0.0010000000474974513, 0.0010000000474974513, 0.0010000000474974513, 9.999999747378752e-05, 9.999999747378752e-05, 9.999999747378752e-05, 9.999999747378752e-05, 4.999999873689376e-05, 4.999999873689376e-05]}