{
  "accuracy": 0.859504132231405,
  "precision": 0.8690476190476191,
  "recall": 0.9240506329113924,
  "f1_score": 0.8957055214723927,
  "roc_auc": 0.9324894514767933
}