{
  "accuracy": 0.9166666666666666,
  "precision": 0.9074074074074074,
  "recall": 0.98989898989899,
  "f1_score": 0.9468599033816425,
  "roc_auc": 0.9813284358738905
}