{"accuracy": [0.8252032399177551, 0.9634146094322205, 0.9695122241973877, 0.9756097793579102, 0.9796748161315918, 0.9939024448394775, 0.9857723712921143, 0.9918699264526367, 0.9939024448394775, 0.9959349632263184, 0.9959349632263184, 0.9959349632263184, 0.9959349632263184, 0.9979674816131592, 0.9939024448394775, 0.9979674816131592, 0.9979674816131592, 1.0, 0.9979674816131592, 1.0], "loss": [0.3955298364162445, 0.11460258066654205, 0.08202888071537018, 0.07230602204799652, 0.058753903955221176, 0.03158019855618477, 0.032528165727853775, 0.03235837444663048, 0.02070247195661068, 0.01565331220626831, 0.016019845381379128, 0.01402016170322895, 0.012383587658405304, 0.010022020898759365, 0.013391193933784962, 0.015533305704593658, 0.008248024620115757, 0.006158644333481789, 0.008763231337070465, 0.0069619943387806416], "val_accuracy": [0.0, 0.0, 0.0, 0.0, 0.0, 0.0, 0.04065040498971939, 0.13008129596710205, 0.1463414579629898, 0.3252032399177551, 0.39024388790130615, 0.4146341383457184, 0.43089431524276733, 0.47154471278190613, 0.45528456568717957, 0.4878048896789551, 0.5284552574157715, 0.5528455376625061, 0.6016260385513306, 0.6178861856460571], "val_loss": [4.475633144378662, 4.201106071472168, 4.118688583374023, 3.285553455352783, 3.1011126041412354, 2.8445844650268555, 2.507309675216675, 2.2369158267974854, 2.2445991039276123, 1.7922728061676025, 1.6668206453323364, 1.638711929321289, 1.6523315906524658, 1.6557016372680664, 1.6995807886123657, 1.642345905303955, 1.5747249126434326, 1.52204167842865, 1.451099157333374, 1.3965063095092773], "learning_rate": [0.0010000000474974513, 0.0010000000474974513, 0.0010000000474974513, 0.0010000000474974513, 0.0010000000474974513, 0.0010000000474974513, 0.0010000000474974513, 0.0010000000474974513, 0.0010000000474974513, 0.0010000000474974513, 9.999999747378752e-05, 9.999999747378752e-05, 9.999999747378752e-05, 9.999999747378752e-05, 9.999999747378752e-05, 4.999999873689376e-05, 4.999999873689376e-05, 4.999999873689376e-05, 4.999999873689376e-05, 4.999999873689376e-05]}