{
  "accuracy": 0.75,
  "precision": 0.75,
  "recall": 1.0,
  "f1_score": 0.8571428571428571,
  "roc_auc": 0.5390266299357208
}