{
  "Hybrid DenseNet121": {
    "accuracy": 0.9166666666666666,
    "precision": 0.9074074074074074,
    "recall": 0.98989898989899,
    "f1_score": 0.9468599033816425,
    "roc_auc": 0.9813284358738905
  },
  "Hybrid EfficientNetB0": {
    "accuracy": 0.75,
    "precision": 0.75,
    "recall": 1.0,
    "f1_score": 0.8571428571428571,
    "roc_auc": 0.5390266299357208
  },
  "Hybrid ResNet50": {
    "accuracy": 0.9318181818181818,
    "precision": 0.9591836734693877,
    "recall": 0.9494949494949495,
    "f1_score": 0.9543147208121827,
    "roc_auc": 0.975206611570248
  }
}