{"accuracy": [0.8760162591934204, 0.892276406288147, 0.9024389982223511, 0.9044715166091919, 0.8943089246749878, 0.9085366129875183, 0.8963414430618286, 0.8861788511276245, 0.9024389982223511, 0.9105691313743591, 0.9065040946006775, 0.9065040946006775, 0.9065040946006775, 0.9085366129875183, 0.9085366129875183], "loss": [0.47804489731788635, 0.4072762727737427, 0.3854224681854248, 0.37739938497543335, 0.4018462002277374, 0.36451101303100586, 0.4340565502643585, 0.4113852381706238, 0.36344021558761597, 0.34368017315864563, 0.3717511296272278, 0.3342337906360626, 0.3853154182434082, 0.3358194828033447, 0.35189390182495117], "val_accuracy": [0.0, 0.0, 0.0, 0.0, 0.0, 0.0, 0.0, 0.0, 0.0, 0.0, 0.0, 0.0, 0.0, 0.0, 0.0], "val_loss": [1.5148916244506836, 1.4481658935546875, 1.33451509475708, 1.1377308368682861, 0.9810830950737, 1.0176334381103516, 0.8578678369522095, 0.8396977782249451, 0.968926191329956, 0.9416749477386475, 0.8780686259269714, 0.9339831471443176, 0.9936979413032532, 1.0140239000320435, 1.0275441408157349], "learning_rate": [0.0010000000474974513, 0.0010000000474974513, 0.0010000000474974513, 0.0010000000474974513, 0.0010000000474974513, 0.0010000000474974513, 0.0010000000474974513, 0.0010000000474974513, 0.0010000000474974513, 0.0010000000474974513, 9.999999747378752e-05, 9.999999747378752e-05, 9.999999747378752e-05, 4.999999873689376e-05, 4.999999873689376e-05]}