{"accuracy": [0.8261964917182922, 0.9798488616943359, 0.994962215423584, 0.997481107711792, 0.997481107711792, 1.0, 0.9471032619476318, 0.982367753982544, 0.9798488616943359, 0.997481107711792, 1.0, 1.0], "loss": [0.38984349370002747, 0.05417601764202118, 0.022466957569122314, 0.01308928057551384, 0.009875026531517506, 0.004438173491507769, 0.15736742317676544, 0.06396093219518661, 0.04885850474238396, 0.017597196623682976, 0.010614763014018536, 0.010595838539302349], "val_accuracy": [0.7799999713897705, 0.6299999952316284, 0.6299999952316284, 0.6899999976158142, 0.7400000095367432, 0.7099999785423279, 0.8100000023841858, 0.7200000286102295, 0.6299999952316284, 0.7799999713897705, 0.7900000214576721, 0.7799999713897705], "val_loss": [0.5370895266532898, 0.7343905568122864, 0.8007301092147827, 0.7634897828102112, 0.7614344954490662, 0.7773170471191406, 0.4816890358924866, 0.6431434154510498, 0.8548456430435181, 0.5654562711715698, 0.5565423965454102, 0.5879821181297302], "learning_rate": [0.0010000000474974513, 0.0010000000474974513, 0.0010000000474974513, 0.0010000000474974513, 0.0005000000237487257, 0.0005000000237487257, 9.999999747378752e-05, 9.999999747378752e-05, 9.999999747378752e-05, 9.999999747378752e-05, 4.999999873689376e-05, 4.999999873689376e-05]}